<?xml version="1.0" encoding="UTF-8"?>
<!--$Id: USGSTopoHighResLayer.xml 1 2011-07-16 23:22:47Z dcollins $-->
<Layer version="1" layerType="TiledImageLayer">
    <DisplayName>USGS Topographic Maps 1:24K</DisplayName>
    <LastUpdate>25 06 2011 05:00:00 GMT</LastUpdate>
    <ActiveAltitudes max="1e6"/>
    <MapScale>24e3</MapScale>
    <DetailHint>0.3</DetailHint>
    <Service serviceName="OGC:WMS" version="1.3">
        <GetCapabilitiesURL>http://worldwind47.arc.nasa.gov/topo</GetCapabilitiesURL>
        <GetMapURL>http://worldwind47.arc.nasa.gov/topo</GetMapURL>
        <LayerNames>US_TOPO_3</LayerNames>
    </Service>
    <DataCacheName>Earth/USGS Topographic Maps 24k Scale</DataCacheName>
    <RetrievePropertiesFromService>true</RetrievePropertiesFromService>
    <AvailableImageFormats>
        <ImageFormat>image/png</ImageFormat>
        <ImageFormat>image/jpeg</ImageFormat>
        <ImageFormat>image/dds</ImageFormat>
    </AvailableImageFormats>
    <ImageFormat>image/png</ImageFormat>
    <FormatSuffix>.png</FormatSuffix>
    <TileOrigin>
        <LatLon units="degrees" latitude="-90" longitude="-180"/>
    </TileOrigin>
    <LevelZeroTileDelta>
        <LatLon units="degrees" latitude="36" longitude="36"/>
    </LevelZeroTileDelta>
    <TileSize>
        <Dimension width="512" height="512"/>
    </TileSize>
    <Sector>
        <SouthWest>
            <LatLon units="degrees" latitude="18" longitude="-161"/>
        </SouthWest>
        <NorthEast>
            <LatLon units="degrees" latitude="50" longitude="-66"/>
        </NorthEast>
    </Sector>
    <RetrievalTimeouts>
        <ReadTimeout>
            <Time units="milliseconds" value="30000"/>
        </ReadTimeout>
    </RetrievalTimeouts>
</Layer>